{
  "Mean": {
    "confidence_interval": {
      "confidence_level": 0.95,
      "lower_bound": 5.671862576348994,
      "upper_bound": 5.7087095323010315
    },
    "point_estimate": 5.685402721627891,
    "standard_error": 0.010320708207303544
  },
  "Median": {
    "confidence_interval": {
      "confidence_level": 0.95,
      "lower_bound": 5.638992643820647,
      "upper_bound": 5.639137779083431
    },
    "point_estimate": 5.639059492929462,
    "standard_error": 0.00004188348508250257
  },
  "MedianAbsDev": {
    "confidence_interval": {
      "confidence_level": 0.95,
      "lower_bound": 0.0009558498903415072,
      "upper_bound": 0.001165688416896127
    },
    "point_estimate": 0.0010528463222839954,
    "standard_error": 0.00006062103369176496
  },
  "Slope": {
    "confidence_interval": {
      "confidence_level": 0.95,
      "lower_bound": 5.665035925482357,
      "upper_bound": 5.673449694221509
    },
    "point_estimate": 5.668896495152586,
    "standard_error": 0.0021559589773374704
  },
  "StdDev": {
    "confidence_interval": {
      "confidence_level": 0.95,
      "lower_bound": 0.14557576119749846,
      "upper_bound": 1.4769063430568559
    },
    "point_estimate": 0.8647694794341344,
    "standard_error": 0.45277618454611196
  }
}